<?xml version="1.0" encoding="UTF-8"?><idempiere Name="2Pack_9.0.0" Version="9.0.0" idempiereVersion="" DataBaseVersion="" Description="" Author="" AuthorEmail="info@globalqss.com" CreatedDate="2022-10-25 19:24:07.855" UpdatedDate="2022-10-25 19:24:07.855" PackOutVersion="100" UpdateDictionary="false" Client="0-SYSTEM-System" AD_Client_UU="11237b53-9592-4af1-b3c5-afd216514b5d">
    <AD_Element type="table">
        <AD_Client_ID>0</AD_Client_ID>
        <AD_Org_ID>0</AD_Org_ID>
        <AD_Org_ID reference="id">0</AD_Org_ID>
        <IsActive>Y</IsActive>
        <ColumnName>LCO_FE_Force</ColumnName>
        <Name>Force</Name>
        <Description/>
        <Help/>
        <PrintName>Force</PrintName>
        <PO_Description/>
        <PO_Help/>
        <PO_Name/>
        <PO_PrintName/>
        <EntityType>QSS_LCO</EntityType>
        <AD_Element_UU>83abdb44-9e20-4bda-96a8-e449e513b0bf</AD_Element_UU>
        <Placeholder/>
        <AD_Element_Trl type="translation">
            <Description/>
            <Help/>
            <Name>Forzar</Name>
            <Placeholder/>
            <PO_Description/>
            <PO_Help/>
            <PO_Name/>
            <PO_PrintName/>
            <PrintName>Forzar</PrintName>
            <AD_Language>es_CO</AD_Language>
            <IsActive>Y</IsActive>
            <IsTranslated>Y</IsTranslated>
        </AD_Element_Trl>
    </AD_Element>
    <AD_Process_Para type="table">
        <AD_Client_ID>0</AD_Client_ID>
        <AD_Org_ID>0</AD_Org_ID>
        <AD_Org_ID reference="id">0</AD_Org_ID>
        <IsActive>Y</IsActive>
        <Name>Force</Name>
        <Description>Query status even when the authorization is processed</Description>
        <Help/>
        <AD_Process_ID reference="uuid" reference-key="AD_Process">5761ad58-1cc1-434c-8fad-b3e9820b4518</AD_Process_ID>
        <SeqNo>10</SeqNo>
        <AD_Reference_ID reference="id">20</AD_Reference_ID>
        <AD_Reference_Value_ID reference="id"/>
        <IsRange>N</IsRange>
        <AD_Val_Rule_ID reference="id"/>
        <FieldLength>10</FieldLength>
        <IsMandatory>Y</IsMandatory>
        <DefaultValue>N</DefaultValue>
        <VFormat/>
        <ValueMin/>
        <ValueMax/>
        <ColumnName>LCO_FE_Force</ColumnName>
        <DefaultValue2/>
        <IsCentrallyMaintained>N</IsCentrallyMaintained>
        <EntityType>DCIERP</EntityType>
        <AD_Element_ID reference="uuid" reference-key="AD_Element">83abdb44-9e20-4bda-96a8-e449e513b0bf</AD_Element_ID>
        <ReadOnlyLogic/>
        <DisplayLogic/>
        <AD_Process_Para_UU>c2b4cb5a-479c-4eb9-8510-f87f7abd3d97</AD_Process_Para_UU>
        <IsEncrypted>N</IsEncrypted>
        <MandatoryLogic/>
        <Query/>
        <AD_FieldGroup_ID reference="id"/>
        <Placeholder/>
        <Placeholder2/>
        <IsAutocomplete>N</IsAutocomplete>
        <AD_Process_Para_Trl type="translation">
            <Description>Consultar el estado incluso cuando la autorización está procesada</Description>
            <Help/>
            <Name>Forzar</Name>
            <Placeholder/>
            <Placeholder2/>
            <AD_Language>es_CO</AD_Language>
            <IsActive>Y</IsActive>
            <IsTranslated>Y</IsTranslated>
        </AD_Process_Para_Trl>
    </AD_Process_Para>
</idempiere>
